{
  "tau_index": 8358,
  "tau_date": "2020-04-21",
  "mu_1_mean": 5.997651560148816e-05,
  "mu_2_mean": 0.000649109719206008,
  "pct_change": 982.2731409056751,
  "prob_increase": 0.631875
}